model,dim_reduction_algorithm,n_dimensions,count_evidence,include_absent_evidence,n_most_frequent,mean_train_score,mean_test_score
DummyClassifier(),,,False,False,,0.1608583421247559,0.16086486486486487
DummyClassifier(),,,False,True,,0.1608583421247559,0.16086486486486487
DummyClassifier(),,,True,False,,0.1608583421247559,0.16086486486486487
DummyClassifier(),,,True,True,,0.1608583421247559,0.16086486486486487
DummyClassifier(),PCA,10,False,False,,0.1608583421247559,0.16086486486486487
DummyClassifier(),PCA,10,False,True,,0.1608583421247559,0.16086486486486487
DummyClassifier(),PCA,10,True,False,,0.1608583421247559,0.16086486486486487
DummyClassifier(),PCA,10,True,True,,0.1608583421247559,0.16086486486486487
DummyClassifier(),PCA,50,False,False,,0.1608583421247559,0.16086486486486487
DummyClassifier(),PCA,50,False,True,,0.1608583421247559,0.16086486486486487
DummyClassifier(),PCA,50,True,False,,0.1608583421247559,0.16086486486486487
DummyClassifier(),PCA,50,True,True,,0.1608583421247559,0.16086486486486487
DummyClassifier(),PCA,100,False,False,,0.1608583421247559,0.16086486486486487
DummyClassifier(),PCA,100,False,True,,0.1608583421247559,0.16086486486486487
DummyClassifier(),PCA,100,True,False,,0.1608583421247559,0.16086486486486487
DummyClassifier(),PCA,100,True,True,,0.1608583421247559,0.16086486486486487
DummyClassifier(),PCA,250,False,False,,0.1608583421247559,0.16086486486486487
DummyClassifier(),PCA,250,False,True,,0.1608583421247559,0.16086486486486487
DummyClassifier(),PCA,250,True,False,,0.1608583421247559,0.16086486486486487
DummyClassifier(),PCA,250,True,True,,0.1608583421247559,0.16086486486486487
DummyClassifier(),PCA,,False,False,,0.1608583421247559,0.16086486486486487
DummyClassifier(),PCA,,False,True,,0.1608583421247559,0.16086486486486487
DummyClassifier(),PCA,,True,False,,0.1608583421247559,0.16086486486486487
DummyClassifier(),PCA,,True,True,,0.1608583421247559,0.16086486486486487
DummyClassifier(),TruncatedSVD,10,False,False,,0.1608583421247559,0.16086486486486487
DummyClassifier(),TruncatedSVD,10,False,True,,0.1608583421247559,0.16086486486486487
DummyClassifier(),TruncatedSVD,10,True,False,,0.1608583421247559,0.16086486486486487
DummyClassifier(),TruncatedSVD,10,True,True,,0.1608583421247559,0.16086486486486487
DummyClassifier(),TruncatedSVD,50,False,False,,0.1608583421247559,0.16086486486486487
DummyClassifier(),TruncatedSVD,50,False,True,,0.1608583421247559,0.16086486486486487
DummyClassifier(),TruncatedSVD,50,True,False,,0.1608583421247559,0.16086486486486487
DummyClassifier(),TruncatedSVD,50,True,True,,0.1608583421247559,0.16086486486486487
DummyClassifier(),TruncatedSVD,100,False,False,,0.1608583421247559,0.16086486486486487
DummyClassifier(),TruncatedSVD,100,False,True,,0.1608583421247559,0.16086486486486487
DummyClassifier(),TruncatedSVD,100,True,False,,0.1608583421247559,0.16086486486486487
DummyClassifier(),TruncatedSVD,100,True,True,,0.1608583421247559,0.16086486486486487
DummyClassifier(),TruncatedSVD,250,False,False,,0.1608583421247559,0.16086486486486487
DummyClassifier(),TruncatedSVD,250,False,True,,0.1608583421247559,0.16086486486486487
DummyClassifier(),TruncatedSVD,250,True,False,,0.1608583421247559,0.16086486486486487
DummyClassifier(),TruncatedSVD,250,True,True,,0.1608583421247559,0.16086486486486487
DummyClassifier(),Isomap,10,False,False,,0.1608583421247559,0.16086486486486487
DummyClassifier(),Isomap,10,False,True,,0.1608583421247559,0.16086486486486487
DummyClassifier(),Isomap,10,True,False,,0.1608583421247559,0.16086486486486487
DummyClassifier(),Isomap,10,True,True,,0.1608583421247559,0.16086486486486487
DummyClassifier(),Isomap,50,False,False,,0.1608583421247559,0.16086486486486487
DummyClassifier(),Isomap,50,False,True,,0.1608583421247559,0.16086486486486487
DummyClassifier(),Isomap,50,True,False,,0.1608583421247559,0.16086486486486487
DummyClassifier(),Isomap,50,True,True,,0.1608583421247559,0.16086486486486487
DummyClassifier(),Isomap,100,False,False,,0.1608583421247559,0.16086486486486487
DummyClassifier(),Isomap,100,False,True,,0.1608583421247559,0.16086486486486487
DummyClassifier(),Isomap,100,True,False,,0.1608583421247559,0.16086486486486487
DummyClassifier(),Isomap,100,True,True,,0.1608583421247559,0.16086486486486487
DummyClassifier(),LocallyLinearEmbedding,10,False,False,,0.1608583421247559,0.16086486486486487
DummyClassifier(),LocallyLinearEmbedding,10,False,True,,0.1608583421247559,0.16086486486486487
DummyClassifier(),LocallyLinearEmbedding,10,True,False,,0.1608583421247559,0.16086486486486487
DummyClassifier(),LocallyLinearEmbedding,10,True,True,,0.1608583421247559,0.16086486486486487
DummyClassifier(),LocallyLinearEmbedding,50,False,False,,0.1608583421247559,0.16086486486486487
DummyClassifier(),LocallyLinearEmbedding,50,False,True,,0.1608583421247559,0.16086486486486487
DummyClassifier(),LocallyLinearEmbedding,50,True,False,,0.1608583421247559,0.16086486486486487
DummyClassifier(),LocallyLinearEmbedding,50,True,True,,0.1608583421247559,0.16086486486486487
DummyClassifier(),LocallyLinearEmbedding,100,False,False,,0.1608583421247559,0.16086486486486487
DummyClassifier(),LocallyLinearEmbedding,100,False,True,,0.1608583421247559,0.16086486486486487
DummyClassifier(),LocallyLinearEmbedding,100,True,False,,0.1608583421247559,0.16086486486486487
DummyClassifier(),LocallyLinearEmbedding,100,True,True,,0.1608583421247559,0.16086486486486487
DummyClassifier(),LocallyLinearEmbedding,250,False,False,,0.1608583421247559,0.16086486486486487
DummyClassifier(),LocallyLinearEmbedding,250,False,True,,0.1608583421247559,0.16086486486486487
DummyClassifier(),LocallyLinearEmbedding,250,True,False,,0.1608583421247559,0.16086486486486487
DummyClassifier(),LocallyLinearEmbedding,250,True,True,,0.1608583421247559,0.16086486486486487
KNeighborsClassifier(),,,False,False,,0.6005297299723912,0.3270990990990991
KNeighborsClassifier(),,,False,True,,0.5831294471504568,0.3082162162162162
KNeighborsClassifier(),,,True,False,,0.6099167246526453,0.3298018018018018
KNeighborsClassifier(),,,True,True,,0.6052524073533704,0.32165765765765764
KNeighborsClassifier(),PCA,10,False,False,,0.48392404210904355,0.20100900900900903
KNeighborsClassifier(),PCA,10,False,True,,0.46180332652465717,0.1877117117117117
KNeighborsClassifier(),PCA,10,True,False,,0.4785481807366837,0.21445045045045044
KNeighborsClassifier(),PCA,10,True,True,,0.4577854593611816,0.20918918918918922
KNeighborsClassifier(),PCA,50,False,False,,0.6005005499315391,0.2653693693693694
KNeighborsClassifier(),PCA,50,False,True,,0.5830957778725506,0.23837837837837839
KNeighborsClassifier(),PCA,50,True,False,,0.5938115867208368,0.26803603603603604
KNeighborsClassifier(),PCA,50,True,True,,0.5804403941550134,0.23574774774774773
KNeighborsClassifier(),PCA,100,False,False,,0.6434176561693341,0.26810810810810815
KNeighborsClassifier(),PCA,100,False,True,,0.5897937195573613,0.24396396396396397
KNeighborsClassifier(),PCA,100,True,False,,0.6320127494332338,0.27084684684684684
KNeighborsClassifier(),PCA,100,True,True,,0.5904536374043232,0.24652252252252255
KNeighborsClassifier(),PCA,250,False,False,,0.5911315121995017,0.3163963963963964
KNeighborsClassifier(),PCA,250,False,True,,0.5757266952481426,0.3135495495495496
KNeighborsClassifier(),PCA,250,True,False,,0.6052187380754641,0.3163963963963964
KNeighborsClassifier(),PCA,250,True,True,,0.5911562030032995,0.32154954954954956
KNeighborsClassifier(),PCA,,False,False,,0.5971740252744047,0.3270990990990991
KNeighborsClassifier(),PCA,,False,True,,0.5804516172476487,0.3082162162162162
KNeighborsClassifier(),PCA,,True,False,,0.6099167246526453,0.32709909909909907
KNeighborsClassifier(),PCA,,True,True,,0.601903436510965,0.32165765765765764
KNeighborsClassifier(),TruncatedSVD,10,False,False,,0.48391730825346235,0.20367567567567568
KNeighborsClassifier(),TruncatedSVD,10,False,True,,0.4557787703979709,0.18774774774774777
KNeighborsClassifier(),TruncatedSVD,10,True,False,,0.4745392920473165,0.20381981981981984
KNeighborsClassifier(),TruncatedSVD,10,True,True,,0.4551143633139548,0.19585585585585588
KNeighborsClassifier(),TruncatedSVD,50,False,False,,0.5837556957195125,0.2573693693693694
KNeighborsClassifier(),TruncatedSVD,50,False,True,,0.5763933469506857,0.22504504504504505
KNeighborsClassifier(),TruncatedSVD,50,True,False,,0.5871226235101344,0.2894774774774775
KNeighborsClassifier(),TruncatedSVD,50,True,True,,0.5723867028798456,0.23311711711711713
KNeighborsClassifier(),TruncatedSVD,100,False,False,,0.6347085362842584,0.2761441441441441
KNeighborsClassifier(),TruncatedSVD,100,False,True,,0.5884312361114229,0.25192792792792795
KNeighborsClassifier(),TruncatedSVD,100,True,False,,0.6373639200017956,0.28944144144144146
KNeighborsClassifier(),TruncatedSVD,100,True,True,,0.5937824066799846,0.24933333333333332
KNeighborsClassifier(),TruncatedSVD,250,False,False,,0.5911270229624476,0.311027027027027
KNeighborsClassifier(),TruncatedSVD,250,False,True,,0.5710376871450696,0.31351351351351353
KNeighborsClassifier(),TruncatedSVD,250,True,False,,0.6078988125967991,0.3190630630630631
KNeighborsClassifier(),TruncatedSVD,250,True,True,,0.5931651365850373,0.32154954954954956
KNeighborsClassifier(),Isomap,10,False,False,,0.41552153711476736,0.14756756756756756
KNeighborsClassifier(),Isomap,10,False,True,,0.4329801800184058,0.1714954954954955
KNeighborsClassifier(),Isomap,10,True,False,,0.43698457947071895,0.19845045045045046
KNeighborsClassifier(),Isomap,10,True,True,,0.44032232722048886,0.18234234234234237
KNeighborsClassifier(),Isomap,50,False,False,,0.5509326389980023,0.20378378378378378
KNeighborsClassifier(),Isomap,50,False,True,,0.5294673520235236,0.21700900900900902
KNeighborsClassifier(),Isomap,50,True,False,,0.5475881573926511,0.2171891891891892
KNeighborsClassifier(),Isomap,50,True,True,,0.5314897533164238,0.23311711711711713
KNeighborsClassifier(),Isomap,100,False,False,,0.5891136001436555,0.2547387387387387
KNeighborsClassifier(),Isomap,100,False,True,,0.5804246818253238,0.2465945945945946
KNeighborsClassifier(),Isomap,100,True,False,,0.5817534959933559,0.26291891891891894
KNeighborsClassifier(),Isomap,100,True,True,,0.5730488653453345,0.28936936936936936
KNeighborsClassifier(),LocallyLinearEmbedding,10,False,False,,0.4765482256290544,0.2251891891891892
KNeighborsClassifier(),LocallyLinearEmbedding,10,False,True,,0.4798904626158785,0.2276036036036036
KNeighborsClassifier(),LocallyLinearEmbedding,10,True,False,,0.4959911113106328,0.209009009009009
KNeighborsClassifier(),LocallyLinearEmbedding,10,True,True,,0.5066867185921753,0.21960360360360362
KNeighborsClassifier(),LocallyLinearEmbedding,50,False,False,,0.5891136001436555,0.2839279279279279
KNeighborsClassifier(),LocallyLinearEmbedding,50,False,True,,0.5931606473479831,0.27581981981981984
KNeighborsClassifier(),LocallyLinearEmbedding,50,True,False,,0.5857758523938857,0.27866666666666673
KNeighborsClassifier(),LocallyLinearEmbedding,50,True,True,,0.5965387982312407,0.3055135135135135
KNeighborsClassifier(),LocallyLinearEmbedding,100,False,False,,0.6045431078988126,0.24908108108108112
KNeighborsClassifier(),LocallyLinearEmbedding,100,False,True,,0.6260128841103455,0.31066666666666665
KNeighborsClassifier(),LocallyLinearEmbedding,100,True,False,,0.6273596552265943,0.27063063063063064
KNeighborsClassifier(),LocallyLinearEmbedding,100,True,True,,0.6260128841103455,0.3269189189189189
KNeighborsClassifier(),LocallyLinearEmbedding,250,False,False,,0.35806828129559387,0.15254054054054053
KNeighborsClassifier(),LocallyLinearEmbedding,250,False,True,,0.44974972503423044,0.23329729729729726
KNeighborsClassifier(),LocallyLinearEmbedding,250,True,False,,0.3453368050099886,0.14990990990990993
KNeighborsClassifier(),LocallyLinearEmbedding,250,True,True,,0.46115238715180357,0.24666666666666667
DecisionTreeClassifier(),,,False,False,,1.0,0.34821621621621623
DecisionTreeClassifier(),,,False,True,,1.0,0.32151351351351354
DecisionTreeClassifier(),,,True,False,,1.0,0.32699099099099094
DecisionTreeClassifier(),,,True,True,,1.0,0.30547747747747744
DecisionTreeClassifier(),PCA,10,False,False,,1.0,0.21981981981981985
DecisionTreeClassifier(),PCA,10,False,True,,1.0,0.16627027027027028
DecisionTreeClassifier(),PCA,10,True,False,,1.0,0.22781981981981986
DecisionTreeClassifier(),PCA,10,True,True,,1.0,0.20115315315315313
DecisionTreeClassifier(),PCA,50,False,False,,1.0,0.25722522522522523
DecisionTreeClassifier(),PCA,50,False,True,,1.0,0.20648648648648651
DecisionTreeClassifier(),PCA,50,True,False,,1.0,0.2893693693693694
DecisionTreeClassifier(),PCA,50,True,True,,1.0,0.19567567567567568
DecisionTreeClassifier(),PCA,100,False,False,,1.0,0.22255855855855855
DecisionTreeClassifier(),PCA,100,False,True,,1.0,0.1985945945945946
DecisionTreeClassifier(),PCA,100,True,False,,1.0,0.251963963963964
DecisionTreeClassifier(),PCA,100,True,True,,1.0,0.20918918918918922
DecisionTreeClassifier(),PCA,250,False,False,,1.0,0.21981981981981985
DecisionTreeClassifier(),PCA,250,False,True,,1.0,0.16363963963963965
DecisionTreeClassifier(),PCA,250,True,False,,1.0,0.26803603603603604
DecisionTreeClassifier(),PCA,250,True,True,,1.0,0.21163963963963967
DecisionTreeClassifier(),PCA,,False,False,,1.0,0.209009009009009
DecisionTreeClassifier(),PCA,,False,True,,1.0,0.16353153153153152
DecisionTreeClassifier(),PCA,,True,False,,1.0,0.2116756756756757
DecisionTreeClassifier(),PCA,,True,True,,1.0,0.17945945945945946
DecisionTreeClassifier(),TruncatedSVD,10,False,False,,1.0,0.21185585585585587
DecisionTreeClassifier(),TruncatedSVD,10,False,True,,1.0,0.16356756756756757
DecisionTreeClassifier(),TruncatedSVD,10,True,False,,1.0,0.17430630630630634
DecisionTreeClassifier(),TruncatedSVD,10,True,True,,1.0,0.17704504504504506
DecisionTreeClassifier(),TruncatedSVD,50,False,False,,1.0,0.24403603603603602
DecisionTreeClassifier(),TruncatedSVD,50,False,True,,1.0,0.20915315315315314
DecisionTreeClassifier(),TruncatedSVD,50,True,False,,1.0,0.2521801801801802
DecisionTreeClassifier(),TruncatedSVD,50,True,True,,1.0,0.1714954954954955
DecisionTreeClassifier(),TruncatedSVD,100,False,False,,1.0,0.23045045045045046
DecisionTreeClassifier(),TruncatedSVD,100,False,True,,1.0,0.21729729729729735
DecisionTreeClassifier(),TruncatedSVD,100,True,False,,1.0,0.24403603603603602
DecisionTreeClassifier(),TruncatedSVD,100,True,True,,1.0,0.19308108108108107
DecisionTreeClassifier(),TruncatedSVD,250,False,False,,1.0,0.1929009009009009
DecisionTreeClassifier(),TruncatedSVD,250,False,True,,1.0,0.21466666666666664
DecisionTreeClassifier(),TruncatedSVD,250,True,False,,1.0,0.21174774774774777
DecisionTreeClassifier(),TruncatedSVD,250,True,True,,1.0,0.14994594594594596
DecisionTreeClassifier(),Isomap,10,False,False,,1.0,0.12327927927927929
DecisionTreeClassifier(),Isomap,10,False,True,,1.0,0.1285045045045045
DecisionTreeClassifier(),Isomap,10,True,False,,0.9993311036789297,0.16360360360360363
DecisionTreeClassifier(),Isomap,10,True,True,,1.0,0.13675675675675675
DecisionTreeClassifier(),Isomap,50,False,False,,0.9993311036789297,0.14738738738738738
DecisionTreeClassifier(),Isomap,50,False,True,,1.0,0.1340900900900901
DecisionTreeClassifier(),Isomap,50,True,False,,0.9993311036789297,0.15549549549549552
DecisionTreeClassifier(),Isomap,50,True,True,,1.0,0.15286486486486486
DecisionTreeClassifier(),Isomap,100,False,False,,0.9993288590604028,0.12338738738738739
DecisionTreeClassifier(),Isomap,100,False,True,,1.0,0.16349549549549552
DecisionTreeClassifier(),Isomap,100,True,False,,1.0,0.15823423423423424
DecisionTreeClassifier(),Isomap,100,True,True,,1.0,0.13401801801801802
DecisionTreeClassifier(),LocallyLinearEmbedding,10,False,False,,0.9906197391753272,0.21423423423423427
DecisionTreeClassifier(),LocallyLinearEmbedding,10,False,True,,0.990615249938273,0.1850810810810811
DecisionTreeClassifier(),LocallyLinearEmbedding,10,True,False,,0.9953109918969272,0.20641441441441444
DecisionTreeClassifier(),LocallyLinearEmbedding,10,True,True,,0.9939687100177323,0.17963963963963966
DecisionTreeClassifier(),LocallyLinearEmbedding,50,False,False,,0.9946331171017485,0.2332972972972973
DecisionTreeClassifier(),LocallyLinearEmbedding,50,False,True,,0.9892774572961326,0.23592792792792797
DecisionTreeClassifier(),LocallyLinearEmbedding,50,True,False,,0.9886063163565353,0.2196756756756757
DecisionTreeClassifier(),LocallyLinearEmbedding,50,True,True,,0.9932975690781353,0.236
DecisionTreeClassifier(),LocallyLinearEmbedding,100,False,False,,0.9932975690781352,0.19545945945945947
DecisionTreeClassifier(),LocallyLinearEmbedding,100,False,True,,0.9959776435994702,0.22252252252252255
DecisionTreeClassifier(),LocallyLinearEmbedding,100,True,False,,0.9933065475522435,0.19841441441441443
DecisionTreeClassifier(),LocallyLinearEmbedding,100,True,True,,0.990615249938273,0.23055855855855856
DecisionTreeClassifier(),LocallyLinearEmbedding,250,False,False,,0.9879284415613567,0.21974774774774777
DecisionTreeClassifier(),LocallyLinearEmbedding,250,False,True,,0.9926286727570648,0.21181981981981984
DecisionTreeClassifier(),LocallyLinearEmbedding,250,True,False,,0.9906174945568,0.21171171171171171
DecisionTreeClassifier(),LocallyLinearEmbedding,250,True,True,,0.9906197391753272,0.22803603603603606
LogisticRegression(),,,False,False,,0.9832416780768108,0.5198198198198198
LogisticRegression(),,,False,True,,0.9966487845390676,0.46075675675675676
LogisticRegression(),,,True,False,,0.9865951381562704,0.5170810810810811
LogisticRegression(),,,True,True,,0.9966487845390676,0.4580900900900901
LogisticRegression(),PCA,10,False,False,,0.3866916567529348,0.29192792792792793
LogisticRegression(),PCA,10,False,True,,0.3840160714686539,0.2571891891891892
LogisticRegression(),PCA,10,True,False,,0.38870507957172673,0.2812252252252252
LogisticRegression(),PCA,10,True,True,,0.37933379722116223,0.25185585585585585
LogisticRegression(),PCA,50,False,False,,0.7285088999124599,0.4340900900900901
LogisticRegression(),PCA,50,False,True,,0.7057484680478552,0.3697657657657657
LogisticRegression(),PCA,50,True,False,,0.7291957531817468,0.4287207207207208
LogisticRegression(),PCA,50,True,True,,0.7050728378712037,0.3537297297297297
LogisticRegression(),PCA,100,False,False,,0.870631411191668,0.5037837837837837
LogisticRegression(),PCA,100,False,True,,0.8820452964018765,0.4287927927927928
LogisticRegression(),PCA,100,True,False,,0.8739848712711276,0.4957837837837838
LogisticRegression(),PCA,100,True,True,,0.8833785998069628,0.4315675675675676
LogisticRegression(),PCA,250,False,False,,0.979221566294808,0.5331531531531531
LogisticRegression(),PCA,250,False,True,,0.9946376063388026,0.46349549549549546
LogisticRegression(),PCA,250,True,False,,0.9805638481740029,0.5304504504504505
LogisticRegression(),PCA,250,True,True,,0.9946376063388026,0.4554594594594595
LogisticRegression(),PCA,,False,False,,0.9832416780768108,0.5198198198198198
LogisticRegression(),PCA,,False,True,,0.9966487845390676,0.46075675675675676
LogisticRegression(),PCA,,True,False,,0.9865951381562704,0.5197837837837838
LogisticRegression(),PCA,,True,True,,0.9966487845390676,0.4580900900900901
LogisticRegression(),TruncatedSVD,10,False,False,,0.3880316940136024,0.29729729729729726
LogisticRegression(),TruncatedSVD,10,False,True,,0.3806738344818298,0.25722522522522523
LogisticRegression(),TruncatedSVD,10,True,False,,0.3746290767883998,0.2651891891891892
LogisticRegression(),TruncatedSVD,10,True,True,,0.37933604183968933,0.24655855855855857
LogisticRegression(),TruncatedSVD,50,False,False,,0.7305357904424143,0.4288288288288289
LogisticRegression(),TruncatedSVD,50,False,True,,0.7017261116473256,0.36439639639639637
LogisticRegression(),TruncatedSVD,50,True,False,,0.7345581468429441,0.42342342342342343
LogisticRegression(),TruncatedSVD,50,True,True,,0.707757401629593,0.36439639639639637
LogisticRegression(),TruncatedSVD,100,False,False,,0.8813539538955354,0.5091891891891892
LogisticRegression(),TruncatedSVD,100,False,True,,0.8827029696303113,0.4315675675675676
LogisticRegression(),TruncatedSVD,100,True,False,,0.8827029696303113,0.5037837837837837
LogisticRegression(),TruncatedSVD,100,True,True,,0.8813651769881709,0.42623423423423423
LogisticRegression(),TruncatedSVD,250,False,False,,0.979221566294808,0.5358558558558558
LogisticRegression(),TruncatedSVD,250,False,True,,0.9946376063388026,0.46879279279279273
LogisticRegression(),TruncatedSVD,250,True,False,,0.981232744495073,0.5277837837837838
LogisticRegression(),TruncatedSVD,250,True,True,,0.9939664653992054,0.45009009009009004
LogisticRegression(),Isomap,10,False,False,,0.3411236560346569,0.19019819819819822
LogisticRegression(),Isomap,10,False,True,,0.3699580256335436,0.20374774774774776
LogisticRegression(),Isomap,10,True,False,,0.36189311126574036,0.2196036036036036
LogisticRegression(),Isomap,10,True,True,,0.3866939013714619,0.2037117117117117
LogisticRegression(),Isomap,50,False,False,,0.7888779151983121,0.2892972972972973
LogisticRegression(),Isomap,50,False,True,,0.8337927319252094,0.3026666666666667
LogisticRegression(),Isomap,50,True,False,,0.8143745370474289,0.29185585585585583
LogisticRegression(),Isomap,50,True,True,,0.8653004421898498,0.32418018018018013
LogisticRegression(),Isomap,100,False,False,,0.9584453772081435,0.3564324324324325
LogisticRegression(),Isomap,100,False,True,,0.9705146910282597,0.3591351351351352
LogisticRegression(),Isomap,100,True,False,,0.9792238109133352,0.3727207207207207
LogisticRegression(),Isomap,100,True,True,,0.9866018720118517,0.38598198198198197
LogisticRegression(),LocallyLinearEmbedding,10,False,False,,0.18096787950887747,0.16086486486486487
LogisticRegression(),LocallyLinearEmbedding,10,False,True,,0.18833247289623128,0.16353153153153152
LogisticRegression(),LocallyLinearEmbedding,10,True,False,,0.18431909496980986,0.16353153153153155
LogisticRegression(),LocallyLinearEmbedding,10,True,True,,0.19503265919956903,0.16353153153153152
LogisticRegression(),LocallyLinearEmbedding,50,False,False,,0.255368005207515,0.1795675675675676
LogisticRegression(),LocallyLinearEmbedding,50,False,True,,0.2620816592220152,0.1849009009009009
LogisticRegression(),LocallyLinearEmbedding,50,True,False,,0.2560346569100581,0.18223423423423424
LogisticRegression(),LocallyLinearEmbedding,50,True,True,,0.2654194069717851,0.1849009009009009
LogisticRegression(),LocallyLinearEmbedding,100,False,False,,0.3284168705528495,0.18223423423423424
LogisticRegression(),LocallyLinearEmbedding,100,False,True,,0.33780610985163073,0.1929009009009009
LogisticRegression(),LocallyLinearEmbedding,100,True,False,,0.32439900338937394,0.1876036036036036
LogisticRegression(),LocallyLinearEmbedding,100,True,True,,0.3311036789297659,0.19019819819819822
LogisticRegression(),LocallyLinearEmbedding,250,False,False,,0.46649233462773,0.209009009009009
LogisticRegression(),LocallyLinearEmbedding,250,False,True,,0.48189715157908913,0.201009009009009
LogisticRegression(),LocallyLinearEmbedding,250,True,False,,0.47452582433615415,0.20367567567567568
LogisticRegression(),LocallyLinearEmbedding,250,True,True,,0.47454153666584364,0.19830630630630633
LinearSVC(),,,False,False,,1.0,0.552036036036036
LinearSVC(),,,False,True,,1.0,0.4796396396396396
LinearSVC(),,,True,False,,1.0,0.5519639639639639
LinearSVC(),,,True,True,,1.0,0.47160360360360354
LinearSVC(),PCA,10,False,False,,0.431604228861305,0.31610810810810813
LinearSVC(),PCA,10,False,True,,0.3833628874772732,0.28403603603603605
LinearSVC(),PCA,10,True,False,,0.4282530134003726,0.30807207207207205
LinearSVC(),PCA,10,True,True,,0.38940315593364905,0.2465225225225225
LinearSVC(),PCA,50,False,False,,0.8518484433570513,0.4689009009009009
LinearSVC(),PCA,50,False,True,,0.8170142084352765,0.37250450450450445
LinearSVC(),PCA,50,True,False,,0.8645978765908735,0.46360360360360364
LinearSVC(),PCA,50,True,True,,0.8491930596395143,0.35383783783783784
LinearSVC(),PCA,100,False,False,,0.9718435051962919,0.5117117117117116
LinearSVC(),PCA,100,False,True,,0.9731880316940137,0.4180180180180181
LinearSVC(),PCA,100,True,False,,0.9751992098942784,0.517009009009009
LinearSVC(),PCA,100,True,True,,0.9785414468811027,0.4153153153153153
LinearSVC(),PCA,250,False,False,,1.0,0.5733693693693693
LinearSVC(),PCA,250,False,True,,1.0,0.4931531531531531
LinearSVC(),PCA,250,True,False,,1.0,0.567963963963964
LinearSVC(),PCA,250,True,True,,1.0,0.4957837837837838
LinearSVC(),PCA,,False,False,,1.0,0.5519639639639639
LinearSVC(),PCA,,False,True,,1.0,0.476972972972973
LinearSVC(),PCA,,True,False,,1.0,0.5519279279279279
LinearSVC(),PCA,,True,True,,1.0,0.485009009009009
LinearSVC(),TruncatedSVD,10,False,False,,0.4329532445960809,0.32410810810810814
LinearSVC(),TruncatedSVD,10,False,True,,0.38270296963031136,0.27066666666666667
LinearSVC(),TruncatedSVD,10,True,False,,0.41351260353302954,0.3161801801801801
LinearSVC(),TruncatedSVD,10,True,True,,0.378691836322417,0.259963963963964
LinearSVC(),TruncatedSVD,50,False,False,,0.8605777648088708,0.4581621621621622
LinearSVC(),TruncatedSVD,50,False,True,,0.8371304796749792,0.3484324324324325
LinearSVC(),TruncatedSVD,50,True,False,,0.8666135440281924,0.4553873873873874
LinearSVC(),TruncatedSVD,50,True,True,,0.8290812776368657,0.3510990990990991
LinearSVC(),TruncatedSVD,100,False,False,,0.9751947206572243,0.5144144144144145
LinearSVC(),TruncatedSVD,100,False,True,,0.9731857870754865,0.43142342342342344
LinearSVC(),TruncatedSVD,100,True,False,,0.9751969652757515,0.509009009009009
LinearSVC(),TruncatedSVD,100,True,True,,0.9731857870754865,0.4207567567567567
LinearSVC(),TruncatedSVD,250,False,False,,1.0,0.5733333333333334
LinearSVC(),TruncatedSVD,250,False,True,,1.0,0.4904144144144144
LinearSVC(),TruncatedSVD,250,True,False,,1.0,0.5626666666666666
LinearSVC(),TruncatedSVD,250,True,True,,1.0,0.48234234234234236
LinearSVC(),Isomap,10,False,False,,0.32303651994343563,0.19005405405405407
LinearSVC(),Isomap,10,False,True,,0.34585531188974433,0.22237837837837843
LinearSVC(),Isomap,10,True,False,,0.32838993513052456,0.20616216216216215
LinearSVC(),Isomap,10,True,True,,0.3545285178783866,0.21441441441441444
LinearSVC(),Isomap,50,False,False,,0.8116877286705124,0.26522522522522524
LinearSVC(),Isomap,50,False,True,,0.8284415613566475,0.27607207207207207
LinearSVC(),Isomap,50,True,False,,0.8136989068707774,0.27322522522522524
LinearSVC(),Isomap,50,True,True,,0.8659760723665014,0.2893693693693694
LinearSVC(),Isomap,100,False,False,,0.9799016857085139,0.3028828828828829
LinearSVC(),Isomap,100,False,True,,0.9852573455141298,0.342954954954955
LinearSVC(),Isomap,100,True,False,,0.987939664653992,0.3218018018018018
LinearSVC(),Isomap,100,True,True,,0.9926286727570648,0.3485765765765766
LinearSVC(),LocallyLinearEmbedding,10,False,False,,0.2781419047832821,0.21981981981981985
LinearSVC(),LocallyLinearEmbedding,10,False,True,,0.2969203833808444,0.24122522522522521
LinearSVC(),LocallyLinearEmbedding,10,True,False,,0.29155574510112003,0.20645045045045046
LinearSVC(),LocallyLinearEmbedding,10,True,True,,0.28953558842674687,0.2277837837837838
LinearSVC(),LocallyLinearEmbedding,50,False,False,,0.5502502749657696,0.3643963963963964
LinearSVC(),LocallyLinearEmbedding,50,False,True,,0.5750667774011806,0.38039639639639644
LinearSVC(),LocallyLinearEmbedding,50,True,False,,0.5650131310183834,0.3804684684684685
LinearSVC(),LocallyLinearEmbedding,50,True,True,,0.587136091221297,0.3831351351351352
LinearSVC(),LocallyLinearEmbedding,100,False,False,,0.7634082287715203,0.410054054054054
LinearSVC(),LocallyLinearEmbedding,100,False,True,,0.7975825458463335,0.40990990990990994
LinearSVC(),LocallyLinearEmbedding,100,True,False,,0.7573657156966174,0.4047207207207208
LinearSVC(),LocallyLinearEmbedding,100,True,True,,0.8176831047563466,0.43398198198198196
LinearSVC(),LocallyLinearEmbedding,250,False,False,,0.9885995825009539,0.4719279279279279
LinearSVC(),LocallyLinearEmbedding,250,False,True,,0.9953109918969272,0.4583063063063063
LinearSVC(),LocallyLinearEmbedding,250,True,False,,0.9912841462593432,0.46929729729729724
LinearSVC(),LocallyLinearEmbedding,250,True,True,,0.9959798882179973,0.4556396396396396
SVC(),,,False,False,,0.8270633655810196,0.3376216216216216
SVC(),,,False,True,,0.809631658099706,0.2733693693693694
SVC(),,,True,False,,0.8217009719198222,0.33491891891891895
SVC(),,,True,True,,0.7794796974254226,0.2814414414414414
SVC(),PCA,10,False,False,,0.4570896276177864,0.25729729729729733
SVC(),PCA,10,False,True,,0.47519696527575145,0.25196396396396403
SVC(),PCA,10,True,False,,0.44904940405378113,0.2573693693693694
SVC(),PCA,10,True,True,,0.4685080020650491,0.24670270270270273
SVC(),PCA,50,False,False,,0.7137954254674419,0.3402162162162162
SVC(),PCA,50,False,True,,0.6749298556710286,0.2974054054054054
SVC(),PCA,50,True,False,,0.714464321788512,0.34025225225225225
SVC(),PCA,50,True,True,,0.6742632039684855,0.29196396396396396
SVC(),PCA,100,False,False,,0.7794752081883685,0.39668468468468465
SVC(),PCA,100,False,True,,0.7667414872842361,0.3054774774774775
SVC(),PCA,100,True,False,,0.7774640299881035,0.3805765765765766
SVC(),PCA,100,True,True,,0.7620524791811631,0.30281081081081085
SVC(),PCA,250,False,False,,0.8391281901640817,0.38857657657657657
SVC(),PCA,250,False,True,,0.8237076608830328,0.30018018018018017
SVC(),PCA,250,True,False,,0.8377881529034139,0.3859099099099099
SVC(),PCA,250,True,True,,0.8170074745796951,0.3028828828828829
SVC(),PCA,,False,False,,0.8411393683643466,0.3859459459459459
SVC(),PCA,,False,True,,0.8263854907858409,0.3055495495495496
SVC(),PCA,,True,False,,0.8391304347826087,0.3779099099099099
SVC(),PCA,,True,True,,0.8223631343853113,0.3028468468468469
SVC(),TruncatedSVD,10,False,False,,0.43497340127045403,0.26526126126126126
SVC(),TruncatedSVD,10,False,True,,0.4571008507104217,0.23855855855855856
SVC(),TruncatedSVD,10,True,False,,0.41887499719422683,0.2598918918918919
SVC(),TruncatedSVD,10,True,True,,0.41756638459293843,0.22245045045045048
SVC(),TruncatedSVD,50,False,False,,0.6923503400597069,0.35895495495495494
SVC(),TruncatedSVD,50,False,True,,0.6642140468227424,0.300036036036036
SVC(),TruncatedSVD,50,True,False,,0.68363448631905,0.3536936936936937
SVC(),TruncatedSVD,50,True,True,,0.630030751273821,0.28129729729729724
SVC(),TruncatedSVD,100,False,False,,0.7654036946420956,0.40190990990990993
SVC(),TruncatedSVD,100,False,True,,0.7486453727189064,0.3081801801801801
SVC(),TruncatedSVD,100,True,False,,0.7613768490045116,0.38587387387387384
SVC(),TruncatedSVD,100,True,True,,0.7272070211667527,0.30014414414414414
SVC(),TruncatedSVD,250,False,False,,0.8223721128594196,0.38320720720720725
SVC(),TruncatedSVD,250,False,True,,0.8029314717963683,0.3028468468468469
SVC(),TruncatedSVD,250,True,False,,0.8190208973984872,0.38054054054054054
SVC(),TruncatedSVD,250,True,True,,0.7761262373459632,0.30554954954954955
SVC(),Isomap,10,False,False,,0.3632511054746246,0.1821981981981982
SVC(),Isomap,10,False,True,,0.3686337007025656,0.1847927927927928
SVC(),Isomap,10,True,False,,0.3806693452447757,0.2037117117117117
SVC(),Isomap,10,True,True,,0.40613903167156745,0.1956036036036036
SVC(),Isomap,50,False,False,,0.6320105048147068,0.24392792792792792
SVC(),Isomap,50,False,True,,0.6179771497833942,0.2464864864864865
SVC(),Isomap,50,True,False,,0.642757738322372,0.2545585585585586
SVC(),Isomap,50,True,True,,0.6515027721038809,0.2571171171171171
SVC(),Isomap,100,False,False,,0.7533411146775605,0.2842162162162162
SVC(),Isomap,100,False,True,,0.7319184754550964,0.2866666666666667
SVC(),Isomap,100,True,False,,0.7540122556171579,0.28688288288288283
SVC(),Isomap,100,True,True,,0.7412942470427151,0.28933333333333333
SVC(),LocallyLinearEmbedding,10,False,False,,0.33577024084756796,0.23589189189189189
SVC(),LocallyLinearEmbedding,10,False,True,,0.3317837983434715,0.23037837837837838
SVC(),LocallyLinearEmbedding,10,True,False,,0.3431438127090301,0.24122522522522524
SVC(),LocallyLinearEmbedding,10,True,True,,0.3384817400282822,0.21693693693693694
SVC(),LocallyLinearEmbedding,50,False,False,,0.5958272541581557,0.2867027027027027
SVC(),LocallyLinearEmbedding,50,False,True,,0.6132814078247403,0.3349189189189189
SVC(),LocallyLinearEmbedding,50,True,False,,0.6025543758838185,0.3055135135135135
SVC(),LocallyLinearEmbedding,50,True,True,,0.6152970752620592,0.32958558558558554
SVC(),LocallyLinearEmbedding,100,False,False,,0.7258490269578685,0.3215855855855856
SVC(),LocallyLinearEmbedding,100,False,True,,0.7406163722475365,0.3080720720720721
SVC(),LocallyLinearEmbedding,100,True,False,,0.7365872819914255,0.3135495495495496
SVC(),LocallyLinearEmbedding,100,True,True,,0.7540212340912662,0.3162162162162162
SVC(),LocallyLinearEmbedding,250,False,False,,0.8699759825817603,0.2975135135135135
SVC(),LocallyLinearEmbedding,250,False,True,,0.876014006419609,0.2734054054054054
SVC(),LocallyLinearEmbedding,250,True,False,,0.868644923795201,0.2975135135135135
SVC(),LocallyLinearEmbedding,250,True,True,,0.8780274292384009,0.2733693693693694
MLPClassifier(),,,False,False,,1.0,0.5574774774774774
MLPClassifier(),,,False,True,,1.0,0.5333333333333332
MLPClassifier(),,,True,False,,1.0,0.5492972972972974
MLPClassifier(),,,True,True,,1.0,0.5171891891891892
MLPClassifier(),PCA,10,False,False,,0.5113689928396669,0.3054414414414415
MLPClassifier(),PCA,10,False,True,,0.503339992368297,0.2708108108108108
MLPClassifier(),PCA,10,True,False,,0.5087046306480214,0.29477477477477476
MLPClassifier(),PCA,10,True,True,,0.500664407084016,0.26010810810810814
MLPClassifier(),PCA,50,False,False,,0.9048102175035353,0.47430630630630627
MLPClassifier(),PCA,50,False,True,,0.9135328050997732,0.37239639639639643
MLPClassifier(),PCA,50,True,False,,0.9041480550380463,0.46634234234234234
MLPClassifier(),PCA,50,True,True,,0.9108594644340193,0.4022342342342342
MLPClassifier(),PCA,100,False,False,,0.9845794707189514,0.527891891891892
MLPClassifier(),PCA,100,False,True,,0.9879329307984108,0.46104504504504507
MLPClassifier(),PCA,100,True,False,,0.9825682925186865,0.5172612612612613
MLPClassifier(),PCA,100,True,True,,0.9886063163565353,0.46356756756756756
MLPClassifier(),PCA,250,False,False,,1.0,0.5572612612612613
MLPClassifier(),PCA,250,False,True,,1.0,0.49045045045045044
MLPClassifier(),PCA,250,True,False,,1.0,0.5494054054054054
MLPClassifier(),PCA,250,True,True,,1.0,0.5145225225225225
MLPClassifier(),PCA,,False,False,,1.0,0.5358918918918919
MLPClassifier(),PCA,,False,True,,1.0,0.4823783783783783
MLPClassifier(),PCA,,True,False,,1.0,0.5359279279279279
MLPClassifier(),PCA,,True,True,,1.0,0.48763963963963963
MLPClassifier(),TruncatedSVD,10,False,False,,0.4932773675113914,0.3107747747747748
MLPClassifier(),TruncatedSVD,10,False,True,,0.49663756144643223,0.28144144144144145
MLPClassifier(),TruncatedSVD,10,True,False,,0.46980539157370205,0.29477477477477476
MLPClassifier(),TruncatedSVD,10,True,True,,0.4838993513052457,0.29218018018018016
MLPClassifier(),TruncatedSVD,50,False,False,,0.9007968395771139,0.477009009009009
MLPClassifier(),TruncatedSVD,50,False,True,,0.9108594644340193,0.38587387387387384
MLPClassifier(),TruncatedSVD,50,True,False,,0.9001256986375166,0.4771531531531532
MLPClassifier(),TruncatedSVD,50,True,True,,0.9101771004017867,0.3887207207207207
MLPClassifier(),TruncatedSVD,100,False,False,,0.9825705371372135,0.5171531531531531
MLPClassifier(),TruncatedSVD,100,False,True,,0.9899463536172028,0.4448648648648649
MLPClassifier(),TruncatedSVD,100,True,False,,0.9852506116585487,0.5171891891891891
MLPClassifier(),TruncatedSVD,100,True,True,,0.988604071738008,0.4556396396396396
MLPClassifier(),TruncatedSVD,250,False,False,,1.0,0.5519999999999999
MLPClassifier(),TruncatedSVD,250,False,True,,1.0,0.4822342342342343
MLPClassifier(),TruncatedSVD,250,True,False,,1.0,0.5573693693693693
MLPClassifier(),TruncatedSVD,250,True,True,,1.0,0.49837837837837845
MLPClassifier(),Isomap,10,False,False,,0.5174249736257324,0.2117837837837838
MLPClassifier(),Isomap,10,False,True,,0.5288411034544679,0.20367567567567568
MLPClassifier(),Isomap,10,True,False,,0.540216830149716,0.20897297297297301
MLPClassifier(),Isomap,10,True,True,,0.573749186325784,0.2034954954954955
MLPClassifier(),Isomap,50,False,False,,0.9370182487486252,0.2921081081081081
MLPClassifier(),Isomap,50,False,True,,0.9457318578707549,0.28140540540540543
MLPClassifier(),Isomap,50,True,False,,0.9544230208076139,0.31891891891891894
MLPClassifier(),Isomap,50,True,True,,0.9665013131018384,0.3537297297297297
MLPClassifier(),Isomap,100,False,False,,0.9912931247334515,0.3537657657657658
MLPClassifier(),Isomap,100,False,True,,0.9959753989809432,0.3751711711711712
MLPClassifier(),Isomap,100,True,False,,0.9939731992547867,0.3725045045045045
MLPClassifier(),Isomap,100,True,True,,0.997986577181208,0.41016216216216217
MLPClassifier(),LocallyLinearEmbedding,10,False,False,,0.26607708020022,0.20104504504504503
MLPClassifier(),LocallyLinearEmbedding,10,False,True,,0.2660883032928554,0.21985585585585588
MLPClassifier(),LocallyLinearEmbedding,10,True,False,,0.270770577540347,0.1983783783783784
MLPClassifier(),LocallyLinearEmbedding,10,True,True,,0.2660793248187471,0.20097297297297295
MLPClassifier(),LocallyLinearEmbedding,50,False,False,,0.5576103791160693,0.34046846846846845
MLPClassifier(),LocallyLinearEmbedding,50,False,True,,0.5837826311418375,0.35902702702702705
MLPClassifier(),LocallyLinearEmbedding,50,True,False,,0.5723777244057373,0.34572972972972976
MLPClassifier(),LocallyLinearEmbedding,50,True,True,,0.583136181006038,0.36436036036036035
MLPClassifier(),LocallyLinearEmbedding,100,False,False,,0.78686449237952,0.39661261261261266
MLPClassifier(),LocallyLinearEmbedding,100,False,True,,0.8183632241700524,0.410018018018018
MLPClassifier(),LocallyLinearEmbedding,100,True,False,,0.7922223968036632,0.3965765765765766
MLPClassifier(),LocallyLinearEmbedding,100,True,True,,0.8290812776368657,0.3992792792792793
MLPClassifier(),LocallyLinearEmbedding,250,False,False,,0.9912886354963975,0.46378378378378377
MLPClassifier(),LocallyLinearEmbedding,250,False,True,,0.9973199254786648,0.4289009009009009
MLPClassifier(),LocallyLinearEmbedding,250,True,False,,0.9919575318174676,0.4718918918918919
MLPClassifier(),LocallyLinearEmbedding,250,True,True,,0.9986599627393324,0.4531531531531531
LinearDiscriminantAnalysis(solver='lsqr'),,,False,False,,0.5879306861798838,0.05621621621621622
LinearDiscriminantAnalysis(solver='lsqr'),,,False,True,,0.5879194630872483,0.05600000000000001
LinearDiscriminantAnalysis(solver='lsqr'),,,True,False,,0.4019752643038316,0.03203603603603604
LinearDiscriminantAnalysis(solver='lsqr'),,,True,True,,0.3919440641063051,0.03733333333333333
LinearDiscriminantAnalysis(solver='lsqr'),PCA,10,False,False,,0.38870956880878094,0.2894054054054054
LinearDiscriminantAnalysis(solver='lsqr'),PCA,10,False,True,,0.38603622814302707,0.2734774774774775
LinearDiscriminantAnalysis(solver='lsqr'),PCA,10,True,False,,0.3793315526026352,0.275927927927928
LinearDiscriminantAnalysis(solver='lsqr'),PCA,10,True,True,,0.37666494579246257,0.27884684684684685
LinearDiscriminantAnalysis(solver='lsqr'),PCA,50,False,False,,0.7010527260892012,0.4232072072072072
LinearDiscriminantAnalysis(solver='lsqr'),PCA,50,False,True,,0.684296648784539,0.3832792792792793
LinearDiscriminantAnalysis(solver='lsqr'),PCA,50,True,False,,0.7084285425691904,0.425981981981982
LinearDiscriminantAnalysis(solver='lsqr'),PCA,50,True,True,,0.6809319656124441,0.38050450450450446
LinearDiscriminantAnalysis(solver='lsqr'),PCA,100,False,False,,0.8478552669973739,0.5009729729729729
LinearDiscriminantAnalysis(solver='lsqr'),PCA,100,False,True,,0.8579044241431169,0.43149549549549554
LinearDiscriminantAnalysis(solver='lsqr'),PCA,100,True,False,,0.8404637381876949,0.49827027027027027
LinearDiscriminantAnalysis(solver='lsqr'),PCA,100,True,True,,0.8632623285672599,0.4288288288288289
LinearDiscriminantAnalysis(solver='lsqr'),PCA,250,False,False,,1.0,0.3994594594594595
LinearDiscriminantAnalysis(solver='lsqr'),PCA,250,False,True,,0.9973199254786648,0.367027027027027
LinearDiscriminantAnalysis(solver='lsqr'),PCA,250,True,False,,1.0,0.4075315315315315
LinearDiscriminantAnalysis(solver='lsqr'),PCA,250,True,True,,0.997988821799735,0.38039639639639644
LinearDiscriminantAnalysis(solver='lsqr'),PCA,,False,False,,0.003353460079459496,0.002666666666666667
LinearDiscriminantAnalysis(solver='lsqr'),PCA,,False,True,,0.0,0.0
LinearDiscriminantAnalysis(solver='lsqr'),PCA,,True,False,,0.004026845637583892,0.010702702702702703
LinearDiscriminantAnalysis(solver='lsqr'),PCA,,True,True,,0.0013400372606675495,0.0
LinearDiscriminantAnalysis(solver='lsqr'),TruncatedSVD,10,False,False,,0.3873740207851676,0.27855855855855854
LinearDiscriminantAnalysis(solver='lsqr'),TruncatedSVD,10,False,True,,0.38738524387780293,0.25740540540540546
LinearDiscriminantAnalysis(solver='lsqr'),TruncatedSVD,10,True,False,,0.38536733182195687,0.2733333333333333
LinearDiscriminantAnalysis(solver='lsqr'),TruncatedSVD,10,True,True,,0.3712913290386298,0.26007207207207206
LinearDiscriminantAnalysis(solver='lsqr'),TruncatedSVD,50,False,False,,0.7070750375973602,0.4366126126126126
LinearDiscriminantAnalysis(solver='lsqr'),TruncatedSVD,50,False,True,,0.684298893403066,0.3832072072072072
LinearDiscriminantAnalysis(solver='lsqr'),TruncatedSVD,50,True,False,,0.7111018832349443,0.4366846846846847
LinearDiscriminantAnalysis(solver='lsqr'),TruncatedSVD,50,True,True,,0.6936971111759556,0.36436036036036035
LinearDiscriminantAnalysis(solver='lsqr'),TruncatedSVD,100,False,False,,0.8438127090301004,0.49016216216216213
LinearDiscriminantAnalysis(solver='lsqr'),TruncatedSVD,100,False,True,,0.865275751386052,0.42612612612612616
LinearDiscriminantAnalysis(solver='lsqr'),TruncatedSVD,100,True,False,,0.8451707032389846,0.5035675675675676
LinearDiscriminantAnalysis(solver='lsqr'),TruncatedSVD,100,True,True,,0.8612691073152119,0.4235315315315316
LinearDiscriminantAnalysis(solver='lsqr'),TruncatedSVD,250,False,False,,1.0,0.40219819819819824
LinearDiscriminantAnalysis(solver='lsqr'),TruncatedSVD,250,False,True,,0.9986599627393324,0.3643963963963964
LinearDiscriminantAnalysis(solver='lsqr'),TruncatedSVD,250,True,False,,1.0,0.4076396396396397
LinearDiscriminantAnalysis(solver='lsqr'),TruncatedSVD,250,True,True,,0.9993311036789297,0.35095495495495493
LinearDiscriminantAnalysis(solver='lsqr'),Isomap,10,False,False,,0.29154676662701173,0.17409009009009008
LinearDiscriminantAnalysis(solver='lsqr'),Isomap,10,False,True,,0.31232520033220357,0.18227027027027026
LinearDiscriminantAnalysis(solver='lsqr'),Isomap,10,True,False,,0.30560481246212207,0.22763963963963962
LinearDiscriminantAnalysis(solver='lsqr'),Isomap,10,True,True,,0.333121590985612,0.20897297297297296
LinearDiscriminantAnalysis(solver='lsqr'),Isomap,50,False,False,,0.619294740858791,0.2678918918918919
LinearDiscriminantAnalysis(solver='lsqr'),Isomap,50,False,True,,0.6085609750622882,0.26241441441441443
LinearDiscriminantAnalysis(solver='lsqr'),Isomap,50,True,False,,0.6286862247760994,0.29185585585585583
LinearDiscriminantAnalysis(solver='lsqr'),Isomap,50,True,True,,0.6427734506520617,0.29477477477477476
LinearDiscriminantAnalysis(solver='lsqr'),Isomap,100,False,False,,0.8090031649121233,0.32965765765765764
LinearDiscriminantAnalysis(solver='lsqr'),Isomap,100,False,True,,0.8472177953356826,0.33747747747747747
LinearDiscriminantAnalysis(solver='lsqr'),Isomap,100,True,False,,0.831103678929766,0.3403243243243243
LinearDiscriminantAnalysis(solver='lsqr'),Isomap,100,True,True,,0.8699939395299768,0.3643963963963964
LinearDiscriminantAnalysis(solver='lsqr'),LocallyLinearEmbedding,10,False,False,,0.2835132769185877,0.2414774774774775
LinearDiscriminantAnalysis(solver='lsqr'),LocallyLinearEmbedding,10,False,True,,0.28215528270970347,0.20897297297297296
LinearDiscriminantAnalysis(solver='lsqr'),LocallyLinearEmbedding,10,True,False,,0.3002513972750331,0.21996396396396398
LinearDiscriminantAnalysis(solver='lsqr'),LocallyLinearEmbedding,10,True,True,,0.28951538686000317,0.2036036036036036
LinearDiscriminantAnalysis(solver='lsqr'),LocallyLinearEmbedding,50,False,False,,0.544245920405827,0.3350990990990991
LinearDiscriminantAnalysis(solver='lsqr'),LocallyLinearEmbedding,50,False,True,,0.5663419451864156,0.35362162162162164
LinearDiscriminantAnalysis(solver='lsqr'),LocallyLinearEmbedding,50,True,False,,0.5563085003703621,0.33769369369369373
LinearDiscriminantAnalysis(solver='lsqr'),LocallyLinearEmbedding,50,True,True,,0.5710399317635968,0.35625225225225227
LinearDiscriminantAnalysis(solver='lsqr'),LocallyLinearEmbedding,100,False,False,,0.7479921887275258,0.39412612612612613
LinearDiscriminantAnalysis(solver='lsqr'),LocallyLinearEmbedding,100,False,True,,0.7674305851720501,0.39650450450450453
LinearDiscriminantAnalysis(solver='lsqr'),LocallyLinearEmbedding,100,True,False,,0.7560346569100582,0.39682882882882886
LinearDiscriminantAnalysis(solver='lsqr'),LocallyLinearEmbedding,100,True,True,,0.788875670579785,0.41001801801801807
LinearDiscriminantAnalysis(solver='lsqr'),LocallyLinearEmbedding,250,False,False,,0.9993288590604028,0.3835315315315316
LinearDiscriminantAnalysis(solver='lsqr'),LocallyLinearEmbedding,250,False,True,,1.0,0.3696936936936937
LinearDiscriminantAnalysis(solver='lsqr'),LocallyLinearEmbedding,250,True,False,,1.0,0.3834594594594595
LinearDiscriminantAnalysis(solver='lsqr'),LocallyLinearEmbedding,250,True,True,,1.0,0.3779099099099099
RandomForestClassifier(),,,False,False,,1.0,0.5441441441441441
RandomForestClassifier(),,,False,True,,1.0,0.5359999999999999
RandomForestClassifier(),,,True,False,,1.0,0.5360720720720721
RandomForestClassifier(),,,True,True,,1.0,0.49585585585585584
RandomForestClassifier(),PCA,10,False,False,,1.0,0.32965765765765764
RandomForestClassifier(),PCA,10,False,True,,1.0,0.27625225225225225
RandomForestClassifier(),PCA,10,True,False,,1.0,0.31902702702702707
RandomForestClassifier(),PCA,10,True,True,,1.0,0.27888288288288293
RandomForestClassifier(),PCA,50,False,False,,1.0,0.4369009009009009
RandomForestClassifier(),PCA,50,False,True,,1.0,0.35398198198198194
RandomForestClassifier(),PCA,50,True,False,,1.0,0.43956756756756754
RandomForestClassifier(),PCA,50,True,True,,1.0,0.35920720720720717
RandomForestClassifier(),PCA,100,False,False,,1.0,0.4583783783783784
RandomForestClassifier(),PCA,100,False,True,,1.0,0.3648648648648649
RandomForestClassifier(),PCA,100,True,False,,1.0,0.43697297297297305
RandomForestClassifier(),PCA,100,True,True,,1.0,0.34583783783783784
RandomForestClassifier(),PCA,250,False,False,,1.0,0.4022702702702702
RandomForestClassifier(),PCA,250,False,True,,1.0,0.31906306306306303
RandomForestClassifier(),PCA,250,True,False,,1.0,0.39401801801801806
RandomForestClassifier(),PCA,250,True,True,,1.0,0.3162882882882883
RandomForestClassifier(),PCA,,False,False,,1.0,0.34583783783783784
RandomForestClassifier(),PCA,,False,True,,1.0,0.29477477477477476
RandomForestClassifier(),PCA,,True,False,,1.0,0.3270630630630631
RandomForestClassifier(),PCA,,True,True,,1.0,0.26554954954954957
RandomForestClassifier(),TruncatedSVD,10,False,False,,1.0,0.3242522522522523
RandomForestClassifier(),TruncatedSVD,10,False,True,,1.0,0.27347747747747747
RandomForestClassifier(),TruncatedSVD,10,True,False,,1.0,0.3269189189189189
RandomForestClassifier(),TruncatedSVD,10,True,True,,1.0,0.25488288288288286
RandomForestClassifier(),TruncatedSVD,50,False,False,,1.0,0.41545945945945945
RandomForestClassifier(),TruncatedSVD,50,False,True,,1.0,0.3592792792792793
RandomForestClassifier(),TruncatedSVD,50,True,False,,1.0,0.44194594594594594
RandomForestClassifier(),TruncatedSVD,50,True,True,,1.0,0.3620900900900902
RandomForestClassifier(),TruncatedSVD,100,False,False,,1.0,0.41286486486486484
RandomForestClassifier(),TruncatedSVD,100,False,True,,1.0,0.3725045045045045
RandomForestClassifier(),TruncatedSVD,100,True,False,,1.0,0.44753153153153147
RandomForestClassifier(),TruncatedSVD,100,True,True,,1.0,0.35398198198198194
RandomForestClassifier(),TruncatedSVD,250,False,False,,1.0,0.41293693693693695
RandomForestClassifier(),TruncatedSVD,250,False,True,,1.0,0.3216216216216216
RandomForestClassifier(),TruncatedSVD,250,True,False,,1.0,0.37545945945945947
RandomForestClassifier(),TruncatedSVD,250,True,True,,1.0,0.30043243243243245
RandomForestClassifier(),Isomap,10,False,False,,1.0,0.19016216216216217
RandomForestClassifier(),Isomap,10,False,True,,1.0,0.19827027027027028
RandomForestClassifier(),Isomap,10,True,False,,1.0,0.22796396396396398
RandomForestClassifier(),Isomap,10,True,True,,1.0,0.20363963963963966
RandomForestClassifier(),Isomap,50,False,False,,1.0,0.26266666666666666
RandomForestClassifier(),Isomap,50,False,True,,1.0,0.2732972972972973
RandomForestClassifier(),Isomap,50,True,False,,1.0,0.29499099099099096
RandomForestClassifier(),Isomap,50,True,True,,1.0,0.2894414414414414
RandomForestClassifier(),Isomap,100,False,False,,1.0,0.30295495495495495
RandomForestClassifier(),Isomap,100,False,True,,1.0,0.31088288288288285
RandomForestClassifier(),Isomap,100,True,False,,1.0,0.27881081081081077
RandomForestClassifier(),Isomap,100,True,True,,1.0,0.3297657657657658
RandomForestClassifier(),LocallyLinearEmbedding,10,False,False,,0.9993311036789297,0.24122522522522524
RandomForestClassifier(),LocallyLinearEmbedding,10,False,True,,0.9993288590604028,0.2464864864864865
RandomForestClassifier(),LocallyLinearEmbedding,10,True,False,,1.0,0.2627387387387387
RandomForestClassifier(),LocallyLinearEmbedding,10,True,True,,1.0,0.26540540540540547
RandomForestClassifier(),LocallyLinearEmbedding,50,False,False,,1.0,0.34064864864864863
RandomForestClassifier(),LocallyLinearEmbedding,50,False,True,,0.9993288590604028,0.36180180180180177
RandomForestClassifier(),LocallyLinearEmbedding,50,True,False,,1.0,0.3645405405405405
RandomForestClassifier(),LocallyLinearEmbedding,50,True,True,,1.0,0.38879279279279283
RandomForestClassifier(),LocallyLinearEmbedding,100,False,False,,1.0,0.37798198198198196
RandomForestClassifier(),LocallyLinearEmbedding,100,False,True,,1.0,0.37243243243243246
RandomForestClassifier(),LocallyLinearEmbedding,100,True,False,,1.0,0.385981981981982
RandomForestClassifier(),LocallyLinearEmbedding,100,True,True,,1.0,0.37535135135135134
RandomForestClassifier(),LocallyLinearEmbedding,250,False,False,,1.0,0.3943783783783784
RandomForestClassifier(),LocallyLinearEmbedding,250,False,True,,1.0,0.3726126126126126
RandomForestClassifier(),LocallyLinearEmbedding,250,True,False,,1.0,0.3942342342342342
RandomForestClassifier(),LocallyLinearEmbedding,250,True,True,,1.0,0.38061261261261264
ExtraTreesClassifier(),,,False,False,,1.0,0.5358558558558559
ExtraTreesClassifier(),,,False,True,,1.0,0.5144864864864865
ExtraTreesClassifier(),,,True,False,,1.0,0.5251531531531531
ExtraTreesClassifier(),,,True,True,,1.0,0.5090450450450451
ExtraTreesClassifier(),PCA,10,False,False,,1.0,0.3082162162162162
ExtraTreesClassifier(),PCA,10,False,True,,1.0,0.26810810810810815
ExtraTreesClassifier(),PCA,10,True,False,,1.0,0.3162522522522523
ExtraTreesClassifier(),PCA,10,True,True,,1.0,0.270990990990991
ExtraTreesClassifier(),PCA,50,False,False,,1.0,0.4393513513513514
ExtraTreesClassifier(),PCA,50,False,True,,1.0,0.39138738738738743
ExtraTreesClassifier(),PCA,50,True,False,,1.0,0.4395675675675676
ExtraTreesClassifier(),PCA,50,True,True,,1.0,0.3619099099099099
ExtraTreesClassifier(),PCA,100,False,False,,1.0,0.4636756756756757
ExtraTreesClassifier(),PCA,100,False,True,,1.0,0.3807567567567568
ExtraTreesClassifier(),PCA,100,True,False,,1.0,0.4395675675675676
ExtraTreesClassifier(),PCA,100,True,True,,1.0,0.3886486486486486
ExtraTreesClassifier(),PCA,250,False,False,,1.0,0.41019819819819825
ExtraTreesClassifier(),PCA,250,False,True,,1.0,0.3458738738738739
ExtraTreesClassifier(),PCA,250,True,False,,1.0,0.4020540540540541
ExtraTreesClassifier(),PCA,250,True,True,,1.0,0.3512072072072073
ExtraTreesClassifier(),PCA,,False,False,,1.0,0.36183783783783785
ExtraTreesClassifier(),PCA,,False,True,,1.0,0.29481081081081084
ExtraTreesClassifier(),PCA,,True,False,,1.0,0.33228828828828827
ExtraTreesClassifier(),PCA,,True,True,,1.0,0.3056936936936937
ExtraTreesClassifier(),TruncatedSVD,10,False,False,,1.0,0.32681081081081087
ExtraTreesClassifier(),TruncatedSVD,10,False,True,,1.0,0.26007207207207206
ExtraTreesClassifier(),TruncatedSVD,10,True,False,,1.0,0.3216576576576577
ExtraTreesClassifier(),TruncatedSVD,10,True,True,,1.0,0.24944144144144148
ExtraTreesClassifier(),TruncatedSVD,50,False,False,,1.0,0.4127567567567567
ExtraTreesClassifier(),TruncatedSVD,50,False,True,,1.0,0.3781261261261261
ExtraTreesClassifier(),TruncatedSVD,50,True,False,,1.0,0.43419819819819827
ExtraTreesClassifier(),TruncatedSVD,50,True,True,,1.0,0.3486126126126126
ExtraTreesClassifier(),TruncatedSVD,100,False,False,,1.0,0.43949549549549555
ExtraTreesClassifier(),TruncatedSVD,100,False,True,,1.0,0.3726846846846847
ExtraTreesClassifier(),TruncatedSVD,100,True,False,,1.0,0.4449009009009009
ExtraTreesClassifier(),TruncatedSVD,100,True,True,,1.0,0.346018018018018
ExtraTreesClassifier(),TruncatedSVD,250,False,False,,1.0,0.40482882882882887
ExtraTreesClassifier(),TruncatedSVD,250,False,True,,1.0,0.32454054054054055
ExtraTreesClassifier(),TruncatedSVD,250,True,False,,1.0,0.4209729729729729
ExtraTreesClassifier(),TruncatedSVD,250,True,True,,1.0,0.3137657657657658
ExtraTreesClassifier(),Isomap,10,False,False,,1.0,0.1741981981981982
ExtraTreesClassifier(),Isomap,10,False,True,,1.0,0.19293693693693695
ExtraTreesClassifier(),Isomap,10,True,False,,1.0,0.21981981981981985
ExtraTreesClassifier(),Isomap,10,True,True,,1.0,0.22511711711711707
ExtraTreesClassifier(),Isomap,50,False,False,,1.0,0.27347747747747747
ExtraTreesClassifier(),Isomap,50,False,True,,1.0,0.28933333333333333
ExtraTreesClassifier(),Isomap,50,True,False,,1.0,0.2895855855855856
ExtraTreesClassifier(),Isomap,50,True,True,,1.0,0.3107747747747747
ExtraTreesClassifier(),Isomap,100,False,False,,1.0,0.302990990990991
ExtraTreesClassifier(),Isomap,100,False,True,,1.0,0.32425225225225224
ExtraTreesClassifier(),Isomap,100,True,False,,1.0,0.3298378378378378
ExtraTreesClassifier(),Isomap,100,True,True,,1.0,0.31895495495495496
ExtraTreesClassifier(),LocallyLinearEmbedding,10,False,False,,1.0,0.2385945945945946
ExtraTreesClassifier(),LocallyLinearEmbedding,10,False,True,,0.9993288590604028,0.23034234234234235
ExtraTreesClassifier(),LocallyLinearEmbedding,10,True,False,,1.0,0.2814774774774775
ExtraTreesClassifier(),LocallyLinearEmbedding,10,True,True,,1.0,0.244
ExtraTreesClassifier(),LocallyLinearEmbedding,50,False,False,,1.0,0.34572972972972976
ExtraTreesClassifier(),LocallyLinearEmbedding,50,False,True,,0.9993288590604028,0.34302702702702703
ExtraTreesClassifier(),LocallyLinearEmbedding,50,True,False,,1.0,0.36443243243243245
ExtraTreesClassifier(),LocallyLinearEmbedding,50,True,True,,1.0,0.3673153153153153
ExtraTreesClassifier(),LocallyLinearEmbedding,100,False,False,,1.0,0.3699099099099099
ExtraTreesClassifier(),LocallyLinearEmbedding,100,False,True,,0.9993288590604028,0.3912432432432432
ExtraTreesClassifier(),LocallyLinearEmbedding,100,True,False,,1.0,0.3860900900900901
ExtraTreesClassifier(),LocallyLinearEmbedding,100,True,True,,1.0,0.3833873873873874
ExtraTreesClassifier(),LocallyLinearEmbedding,250,False,False,,1.0,0.39149549549549545
ExtraTreesClassifier(),LocallyLinearEmbedding,250,False,True,,1.0,0.402018018018018
ExtraTreesClassifier(),LocallyLinearEmbedding,250,True,False,,1.0,0.4154954954954955
ExtraTreesClassifier(),LocallyLinearEmbedding,250,True,True,,1.0,0.4074234234234234
PassiveAggressiveClassifier(),,,False,False,,1.0,0.5386306306306308
PassiveAggressiveClassifier(),,,False,True,,1.0,0.4984144144144144
PassiveAggressiveClassifier(),,,True,False,,1.0,0.5332252252252252
PassiveAggressiveClassifier(),,,True,True,,1.0,0.469009009009009
PassiveAggressiveClassifier(),PCA,10,False,False,,0.31701196381674934,0.23819819819819815
PassiveAggressiveClassifier(),PCA,10,False,True,,0.2574016295930507,0.1873873873873874
PassiveAggressiveClassifier(),PCA,10,True,False,,0.2995622993872192,0.176972972972973
PassiveAggressiveClassifier(),PCA,10,True,True,,0.260723665013131,0.14212612612612613
PassiveAggressiveClassifier(),PCA,50,False,False,,0.7620120760476757,0.35099099099099096
PassiveAggressiveClassifier(),PCA,50,False,True,,0.7419474310340958,0.26
PassiveAggressiveClassifier(),PCA,50,True,False,,0.8008776458440888,0.3779099099099099
PassiveAggressiveClassifier(),PCA,50,True,True,,0.7775066777401181,0.3030990990990991
PassiveAggressiveClassifier(),PCA,100,False,False,,0.9812237660209648,0.4393513513513514
PassiveAggressiveClassifier(),PCA,100,False,True,,0.9745168458620459,0.35383783783783784
PassiveAggressiveClassifier(),PCA,100,True,False,,0.9818904177235078,0.4421621621621622
PassiveAggressiveClassifier(),PCA,100,True,True,,0.9832326996027024,0.36724324324324326
PassiveAggressiveClassifier(),PCA,250,False,False,,1.0,0.5386666666666666
PassiveAggressiveClassifier(),PCA,250,False,True,,1.0,0.4984864864864865
PassiveAggressiveClassifier(),PCA,250,True,False,,1.0,0.527927927927928
PassiveAggressiveClassifier(),PCA,250,True,True,,1.0,0.503927927927928
PassiveAggressiveClassifier(),PCA,,False,False,,1.0,0.5171891891891892
PassiveAggressiveClassifier(),PCA,,False,True,,1.0,0.5065225225225225
PassiveAggressiveClassifier(),PCA,,True,False,,1.0,0.5547747747747748
PassiveAggressiveClassifier(),PCA,,True,True,,1.0,0.4930450450450451
PassiveAggressiveClassifier(),TruncatedSVD,10,False,False,,0.2640771250925905,0.19819819819819823
PassiveAggressiveClassifier(),TruncatedSVD,10,False,True,,0.2211869542771206,0.13412612612612612
PassiveAggressiveClassifier(),TruncatedSVD,10,True,False,,0.2875378779376445,0.21704504504504504
PassiveAggressiveClassifier(),TruncatedSVD,10,True,True,,0.20848690265089448,0.13124324324324324
PassiveAggressiveClassifier(),TruncatedSVD,50,False,False,,0.7955444322237436,0.36994594594594593
PassiveAggressiveClassifier(),TruncatedSVD,50,False,True,,0.6970213912145631,0.2707027027027027
PassiveAggressiveClassifier(),TruncatedSVD,50,True,False,,0.8069134250634106,0.3807207207207207
PassiveAggressiveClassifier(),TruncatedSVD,50,True,True,,0.7224506745078674,0.2975495495495496
PassiveAggressiveClassifier(),TruncatedSVD,100,False,False,,0.984570492244843,0.47434234234234235
PassiveAggressiveClassifier(),TruncatedSVD,100,False,True,,0.9792193216762811,0.350954954954955
PassiveAggressiveClassifier(),TruncatedSVD,100,True,False,,0.9818904177235079,0.4687207207207208
PassiveAggressiveClassifier(),TruncatedSVD,100,True,True,,0.9832326996027024,0.38601801801801805
PassiveAggressiveClassifier(),TruncatedSVD,250,False,False,,1.0,0.5385945945945945
PassiveAggressiveClassifier(),TruncatedSVD,250,False,True,,1.0,0.4904144144144145
PassiveAggressiveClassifier(),TruncatedSVD,250,True,False,,1.0,0.5305945945945947
PassiveAggressiveClassifier(),TruncatedSVD,250,True,True,,1.0,0.5011531531531531
PassiveAggressiveClassifier(),Isomap,10,False,False,,0.1688850979775987,0.11531531531531533
PassiveAggressiveClassifier(),Isomap,10,False,True,,0.20374402370317166,0.11812612612612612
PassiveAggressiveClassifier(),Isomap,10,True,False,,0.17361675383268613,0.1258738738738739
PassiveAggressiveClassifier(),Isomap,10,True,True,,0.20175978092523175,0.16345945945945944
PassiveAggressiveClassifier(),Isomap,50,False,False,,0.613968261094027,0.20374774774774776
PassiveAggressiveClassifier(),Isomap,50,False,True,,0.6367780745662275,0.2250810810810811
PassiveAggressiveClassifier(),Isomap,50,True,False,,0.6032142937307805,0.19556756756756757
PassiveAggressiveClassifier(),Isomap,50,True,True,,0.6870440618616867,0.24104504504504504
PassiveAggressiveClassifier(),Isomap,100,False,False,,0.9329936477295684,0.2895495495495496
PassiveAggressiveClassifier(),Isomap,100,False,True,,0.9517451909048058,0.3187747747747748
PassiveAggressiveClassifier(),Isomap,100,True,False,,0.9564431774819869,0.3190990990990991
PassiveAggressiveClassifier(),Isomap,100,True,True,,0.9691836322417006,0.3298378378378378
PassiveAggressiveClassifier(),LocallyLinearEmbedding,10,False,False,,0.1856164844784629,0.12872072072072072
PassiveAggressiveClassifier(),LocallyLinearEmbedding,10,False,True,,0.19566564162420594,0.12616216216216217
PassiveAggressiveClassifier(),LocallyLinearEmbedding,10,True,False,,0.18700365872819913,0.12338738738738739
PassiveAggressiveClassifier(),LocallyLinearEmbedding,10,True,True,,0.19503041458104192,0.10176576576576576
PassiveAggressiveClassifier(),LocallyLinearEmbedding,50,False,False,,0.5502345626360801,0.3107747747747748
PassiveAggressiveClassifier(),LocallyLinearEmbedding,50,False,True,,0.540876747996678,0.2707387387387387
PassiveAggressiveClassifier(),LocallyLinearEmbedding,50,True,False,,0.5093667931135104,0.26295495495495497
PassiveAggressiveClassifier(),LocallyLinearEmbedding,50,True,True,,0.558348858611479,0.3430630630630631
PassiveAggressiveClassifier(),LocallyLinearEmbedding,100,False,False,,0.7768310475634665,0.3189189189189189
PassiveAggressiveClassifier(),LocallyLinearEmbedding,100,False,True,,0.8143453570065768,0.3669189189189189
PassiveAggressiveClassifier(),LocallyLinearEmbedding,100,True,False,,0.7727682880294494,0.37535135135135134
PassiveAggressiveClassifier(),LocallyLinearEmbedding,100,True,True,,0.8311171466409284,0.3965765765765766
PassiveAggressiveClassifier(),LocallyLinearEmbedding,250,False,False,,1.0,0.4370450450450451
PassiveAggressiveClassifier(),LocallyLinearEmbedding,250,False,True,,1.0,0.4261621621621621
PassiveAggressiveClassifier(),LocallyLinearEmbedding,250,True,False,,0.997986577181208,0.4343423423423423
PassiveAggressiveClassifier(),LocallyLinearEmbedding,250,True,True,,1.0,0.43419819819819827
Perceptron(),,,False,False,,1.0,0.4341621621621622
Perceptron(),,,False,True,,1.0,0.38861261261261265
Perceptron(),,,True,False,,1.0,0.4476756756756757
Perceptron(),,,True,True,,1.0,0.39401801801801806
Perceptron(),PCA,10,False,False,,0.26809050301901194,0.1607927927927928
Perceptron(),PCA,10,False,True,,0.20915804359049178,0.11513513513513514
Perceptron(),PCA,10,True,False,,0.28351776615564184,0.18749549549549552
Perceptron(),PCA,10,True,True,,0.2278467374469709,0.12331531531531532
Perceptron(),PCA,50,False,False,,0.7097528675001684,0.3136216216216216
Perceptron(),PCA,50,False,True,,0.6708895423222824,0.2788828828828829
Perceptron(),PCA,50,True,False,,0.7365783035173172,0.2974774774774775
Perceptron(),PCA,50,True,True,,0.7104419653879823,0.25473873873873876
Perceptron(),PCA,100,False,False,,0.9262575475297974,0.39924324324324323
Perceptron(),PCA,100,False,True,,0.9235864514825705,0.3404324324324325
Perceptron(),PCA,100,True,False,,0.9343000157123298,0.4098018018018018
Perceptron(),PCA,100,True,True,,0.9544073084779242,0.3378018018018018
Perceptron(),PCA,250,False,False,,0.9993288590604028,0.452936936936937
Perceptron(),PCA,250,False,True,,0.9993311036789297,0.38054054054054054
Perceptron(),PCA,250,True,False,,0.9993288590604028,0.47956756756756763
Perceptron(),PCA,250,True,True,,1.0,0.40756756756756757
Perceptron(),PCA,,False,False,,1.0,0.45023423423423414
Perceptron(),PCA,,False,True,,1.0,0.3857657657657657
Perceptron(),PCA,,True,False,,1.0,0.4503063063063063
Perceptron(),PCA,,True,True,,1.0,0.39401801801801806
Perceptron(),TruncatedSVD,10,False,False,,0.2808421808713609,0.19545945945945947
Perceptron(),TruncatedSVD,10,False,True,,0.16959664205068348,0.10702702702702704
Perceptron(),TruncatedSVD,10,True,False,,0.2808466701084151,0.17953153153153154
Perceptron(),TruncatedSVD,10,True,True,,0.214491257210837,0.1472792792792793
Perceptron(),TruncatedSVD,50,False,False,,0.7204552086372921,0.34846846846846846
Perceptron(),TruncatedSVD,50,False,True,,0.6575722206011088,0.292
Perceptron(),TruncatedSVD,50,True,False,,0.717831249579134,0.32695495495495497
Perceptron(),TruncatedSVD,50,True,True,,0.6896814886310072,0.30025225225225227
Perceptron(),TruncatedSVD,100,False,False,,0.9329622230701894,0.41790990990990995
Perceptron(),TruncatedSVD,100,False,True,,0.9276065632645732,0.36461261261261263
Perceptron(),TruncatedSVD,100,True,False,,0.9209041323427083,0.39920720720720715
Perceptron(),TruncatedSVD,100,True,True,,0.9356512760656328,0.36180180180180177
Perceptron(),TruncatedSVD,250,False,False,,0.9986622073578595,0.46900900900900905
Perceptron(),TruncatedSVD,250,False,True,,1.0,0.42623423423423423
Perceptron(),TruncatedSVD,250,True,False,,0.9986599627393324,0.4343063063063063
Perceptron(),TruncatedSVD,250,True,True,,0.9959843774550515,0.39913513513513516
Perceptron(),Isomap,10,False,False,,0.1836546878857938,0.1258738738738739
Perceptron(),Isomap,10,False,True,,0.19707077282215887,0.1285045045045045
Perceptron(),Isomap,10,True,False,,0.18094318870507958,0.13138738738738737
Perceptron(),Isomap,10,True,True,,0.21782227110502567,0.141981981981982
Perceptron(),Isomap,50,False,False,,0.6153015644991133,0.21160360360360359
Perceptron(),Isomap,50,False,True,,0.6199748602724967,0.2141981981981982
Perceptron(),Isomap,50,True,False,,0.5972323853561088,0.24933333333333332
Perceptron(),Isomap,50,True,True,,0.6501245763282532,0.27318918918918916
Perceptron(),Isomap,100,False,False,,0.8987968844694845,0.28425225225225226
Perceptron(),Isomap,100,False,True,,0.9182397701510627,0.27863063063063065
Perceptron(),Isomap,100,True,False,,0.9128841103454468,0.2815135135135135
Perceptron(),Isomap,100,True,True,,0.9208951538686001,0.3055135135135135
Perceptron(),LocallyLinearEmbedding,10,False,False,,0.1602096473704294,0.08021621621621622
Perceptron(),LocallyLinearEmbedding,10,False,True,,0.1682117124194743,0.11527927927927928
Perceptron(),LocallyLinearEmbedding,10,True,False,,0.22121613431797266,0.14461261261261266
Perceptron(),LocallyLinearEmbedding,10,True,True,,0.2231981324773855,0.15805405405405404
Perceptron(),LocallyLinearEmbedding,50,False,False,,0.4168772867051245,0.19308108108108107
Perceptron(),LocallyLinearEmbedding,50,False,True,,0.5241408722587596,0.28663063063063066
Perceptron(),LocallyLinearEmbedding,50,True,False,,0.4833045273955691,0.23290090090090088
Perceptron(),LocallyLinearEmbedding,50,True,True,,0.4223519112926758,0.19823423423423422
Perceptron(),LocallyLinearEmbedding,100,False,False,,0.7305784381944288,0.33765765765765765
Perceptron(),LocallyLinearEmbedding,100,False,True,,0.7333168727974682,0.27834234234234234
Perceptron(),LocallyLinearEmbedding,100,True,False,,0.6991919373302509,0.32407207207207206
Perceptron(),LocallyLinearEmbedding,100,True,True,,0.7111422863684318,0.25697297297297295
Perceptron(),LocallyLinearEmbedding,250,False,False,,1.0,0.437081081081081
Perceptron(),LocallyLinearEmbedding,250,False,True,,1.0,0.4316036036036036
Perceptron(),LocallyLinearEmbedding,250,True,False,,0.9986599627393324,0.437009009009009
Perceptron(),LocallyLinearEmbedding,250,True,True,,1.0,0.4449729729729729
GradientBoostingClassifier(),,,False,False,,1.0,0.4584864864864865
GradientBoostingClassifier(),,,False,True,,1.0,0.4557837837837838
GradientBoostingClassifier(),,,True,False,,1.0,0.48
GradientBoostingClassifier(),,,True,True,,1.0,0.4504144144144145
GradientBoostingClassifier(),PCA,10,False,False,,1.0,0.2708108108108108
GradientBoostingClassifier(),PCA,10,False,True,,1.0,0.24929729729729727
GradientBoostingClassifier(),PCA,10,True,False,,1.0,0.24151351351351352
GradientBoostingClassifier(),PCA,10,True,True,,1.0,0.2333333333333333
GradientBoostingClassifier(),PCA,50,False,False,,1.0,0.32165765765765764
GradientBoostingClassifier(),PCA,50,False,True,,1.0,0.2895495495495496
GradientBoostingClassifier(),PCA,50,True,False,,1.0,0.32709909909909907
GradientBoostingClassifier(),PCA,50,True,True,,1.0,0.30025225225225227
GradientBoostingClassifier(),PCA,100,False,False,,1.0,0.3322162162162162
GradientBoostingClassifier(),PCA,100,False,True,,1.0,0.30836036036036035
GradientBoostingClassifier(),PCA,100,True,False,,1.0,0.3298018018018018
GradientBoostingClassifier(),PCA,100,True,True,,1.0,0.294990990990991
GradientBoostingClassifier(),PCA,250,False,False,,1.0,0.27866666666666673
GradientBoostingClassifier(),PCA,250,False,True,,1.0,0.27877477477477475
GradientBoostingClassifier(),PCA,250,True,False,,1.0,0.26810810810810815
GradientBoostingClassifier(),PCA,250,True,True,,1.0,0.25495495495495496
GradientBoostingClassifier(),PCA,,False,False,,1.0,0.19012612612612614
GradientBoostingClassifier(),PCA,,False,True,,1.0,0.2331891891891892
GradientBoostingClassifier(),PCA,,True,False,,1.0,0.22245045045045045
GradientBoostingClassifier(),PCA,,True,True,,1.0,0.22533333333333333
GradientBoostingClassifier(),TruncatedSVD,10,False,False,,1.0,0.24929729729729727
GradientBoostingClassifier(),TruncatedSVD,10,False,True,,1.0,0.21999999999999997
GradientBoostingClassifier(),TruncatedSVD,10,True,False,,1.0,0.2545945945945946
GradientBoostingClassifier(),TruncatedSVD,10,True,True,,1.0,0.22252252252252255
GradientBoostingClassifier(),TruncatedSVD,50,False,False,,1.0,0.3242522522522523
GradientBoostingClassifier(),TruncatedSVD,50,False,True,,1.0,0.29754954954954954
GradientBoostingClassifier(),TruncatedSVD,50,True,False,,1.0,0.334990990990991
GradientBoostingClassifier(),TruncatedSVD,50,True,True,,1.0,0.2548468468468469
GradientBoostingClassifier(),TruncatedSVD,100,False,False,,1.0,0.31888288288288286
GradientBoostingClassifier(),TruncatedSVD,100,False,True,,1.0,0.3029189189189189
GradientBoostingClassifier(),TruncatedSVD,100,True,False,,1.0,0.3324324324324325
GradientBoostingClassifier(),TruncatedSVD,100,True,True,,1.0,0.29495495495495494
GradientBoostingClassifier(),TruncatedSVD,250,False,False,,1.0,0.26263063063063063
GradientBoostingClassifier(),TruncatedSVD,250,False,True,,1.0,0.25708108108108113
GradientBoostingClassifier(),TruncatedSVD,250,True,False,,1.0,0.25992792792792796
GradientBoostingClassifier(),TruncatedSVD,250,True,True,,1.0,0.276
GradientBoostingClassifier(),Isomap,10,False,False,,1.0,0.1768288288288288
GradientBoostingClassifier(),Isomap,10,False,True,,0.9993311036789297,0.17153153153153156
GradientBoostingClassifier(),Isomap,10,True,False,,0.9993311036789297,0.18223423423423427
GradientBoostingClassifier(),Isomap,10,True,True,,1.0,0.18241441441441442
GradientBoostingClassifier(),Isomap,50,False,False,,1.0,0.24655855855855857
GradientBoostingClassifier(),Isomap,50,False,True,,1.0,0.23311711711711713
GradientBoostingClassifier(),Isomap,50,True,False,,0.9993311036789297,0.2438558558558559
GradientBoostingClassifier(),Isomap,50,True,True,,1.0,0.23578378378378378
GradientBoostingClassifier(),Isomap,100,False,False,,0.9993288590604028,0.25726126126126125
GradientBoostingClassifier(),Isomap,100,False,True,,1.0,0.21185585585585587
GradientBoostingClassifier(),Isomap,100,True,False,,1.0,0.24407207207207207
GradientBoostingClassifier(),Isomap,100,True,True,,1.0,0.20396396396396396
GradientBoostingClassifier(),LocallyLinearEmbedding,10,False,False,,0.9825772709927948,0.2357477477477478
GradientBoostingClassifier(),LocallyLinearEmbedding,10,False,True,,0.9845839599560055,0.22760360360360363
GradientBoostingClassifier(),LocallyLinearEmbedding,10,True,False,,0.9818993961976161,0.24122522522522524
GradientBoostingClassifier(),LocallyLinearEmbedding,10,True,True,,0.9798859733788243,0.2090810810810811
GradientBoostingClassifier(),LocallyLinearEmbedding,50,False,False,,0.9926241835200106,0.31347747747747745
GradientBoostingClassifier(),LocallyLinearEmbedding,50,False,True,,0.9899418643801485,0.29996396396396396
GradientBoostingClassifier(),LocallyLinearEmbedding,50,True,False,,0.9912863908778704,0.2840720720720721
GradientBoostingClassifier(),LocallyLinearEmbedding,50,True,True,,0.9892797019146595,0.2868828828828829
GradientBoostingClassifier(),LocallyLinearEmbedding,100,False,False,,0.9852483670400215,0.2735495495495496
GradientBoostingClassifier(),LocallyLinearEmbedding,100,False,True,,0.9892729680590783,0.26810810810810815
GradientBoostingClassifier(),LocallyLinearEmbedding,100,True,False,,0.9859284864537272,0.2895135135135135
GradientBoostingClassifier(),LocallyLinearEmbedding,100,True,True,,0.9859262418352002,0.3082162162162162
GradientBoostingClassifier(),LocallyLinearEmbedding,250,False,False,,0.9926264281385379,0.3002162162162162
GradientBoostingClassifier(),LocallyLinearEmbedding,250,False,True,,0.9899396197616215,0.27336936936936934
GradientBoostingClassifier(),LocallyLinearEmbedding,250,True,False,,0.9892729680590783,0.28954954954954953
GradientBoostingClassifier(),LocallyLinearEmbedding,250,True,True,,0.9852551008956028,0.2841801801801802
